{
  "dcgan_d_losses": [
    0.6787773966789246,
    0.6929877996444702,
    0.6914587020874023,
    0.689598023891449,
    0.6891277432441711
  ],
  "dcgan_g_losses": [
    0.6810530424118042,
    0.6926199793815613,
    0.7048460245132446,
    0.7144080400466919,
    0.7191022634506226
  ],
  "vae_losses": [
    0.07563884556293488,
    0.06796491891145706,
    0.06770913302898407,
    0.06757607311010361,
    0.067510686814785
  ]
}